id,task,framework,constraint,fold,type,result,metric,mode,version,params,app_version,utc,duration,training_duration,predict_duration,models_count,seed,info,acc,dataset,models_ensemble_count
openml.org/t/3917,kc1,AutoWEKA,1h4c,0,binary,,acc,local,latest,,2.0.6,2023-08-13T18:12:49,1.1,,,,0,NoResultError: AutoWEKA failed producing any prediction.,,,
openml.org/t/168335,MiniBooNE,AutoWEKA,1h4c,0,binary,,acc,local,latest,,2.0.6,2023-08-13T18:12:54,6.2,,,,0,"BadNumericalValue: Invalid numerical value, at line 57.",,,
openml.org/t/3945,KDDCup09_appetency,AutoWEKA,1h4c,0,binary,,acc,local,latest,,2.0.6,2023-08-13T18:14:40,111.3,,,,0,NoResultError: AutoWEKA failed producing any prediction.,,,
openml.org/t/189356,albert,AutoWEKA,1h4c,0,binary,,acc,local,latest,,2.0.6,2023-08-13T18:14:56,127.1,,,,0,CalledProcessError: Command 'java -cp /scratch/rl3725/final_automlbenchmark_experiments/automlbenchmark/frameworks/AutoWEKA/lib/autoweka/autoweka.jar:/scratch/rl3725/final_automlbenchmark_experiments…,,,
openml.org/t/168332,robert,AutoWEKA,1h4c,0,multiclass,,acc,local,latest,,2.0.6,2023-08-13T18:18:23,334.5,,,,0,CalledProcessError: Command 'java -cp /scratch/rl3725/final_automlbenchmark_experiments/automlbenchmark/frameworks/AutoWEKA/lib/autoweka/autoweka.jar:/scratch/rl3725/final_automlbenchmark_experiments…,,,
openml.org/t/168337,guillermo,AutoWEKA,1h4c,0,binary,,acc,local,latest,,2.0.6,2023-08-13T18:45:39,1971.0,,,,0,CalledProcessError: Command 'java -cp /scratch/rl3725/final_automlbenchmark_experiments/automlbenchmark/frameworks/AutoWEKA/lib/autoweka/autoweka.jar:/scratch/rl3725/final_automlbenchmark_experiments…,,,
openml.org/t/10101,blood-transfusion-service-center,AutoWEKA,1h4c,0,binary,0.76,acc,local,latest,,2.0.6,2023-08-13T19:03:17,3029.5,3029.4,,,0,,0.76,,
openml.org/t/31,credit-g,AutoWEKA,1h4c,0,binary,0.66,acc,local,latest,,2.0.6,2023-08-13T19:04:17,3089.2,3089.1,,,0,,0.66,,
openml.org/t/167119,jungle_chess_2pcs_raw_endgame_complete,AutoWEKA,1h4c,0,multiclass,0.798974,acc,local,latest,,2.0.6,2023-08-13T19:06:14,3205.6,3204.7,,,0,,0.798974,,
openml.org/t/9952,phoneme,AutoWEKA,1h4c,0,binary,0.907579,acc,local,latest,,2.0.6,2023-08-13T19:06:39,3230.3,3229.2,,,0,,0.907579,,
openml.org/t/168330,jannis,AutoWEKA,1h4c,0,multiclass,0.646167,acc,local,latest,,2.0.6,2023-08-13T19:06:47,3239.0,3228.8,,,0,,0.646167,,
openml.org/t/168908,christine,AutoWEKA,1h4c,0,binary,0.732472,acc,local,latest,,2.0.6,2023-08-13T19:07:12,3263.9,3249.4,,,0,,0.732472,,
openml.org/t/146822,segment,AutoWEKA,1h4c,0,multiclass,0.965368,acc,local,latest,,2.0.6,2023-08-13T19:07:31,3282.3,3282.2,,,0,,0.965368,,
openml.org/t/3,kr-vs-kp,AutoWEKA,1h4c,0,binary,0.934375,acc,local,latest,,2.0.6,2023-08-13T19:08:00,3312.0,3311.9,,,0,,0.934375,,
openml.org/t/9977,nomao,AutoWEKA,1h4c,0,binary,0.947491,acc,local,latest,,2.0.6,2023-08-13T19:08:21,3332.4,3328.7,,,0,,0.947491,,
openml.org/t/168868,APSFailure,AutoWEKA,1h4c,0,binary,0.987895,acc,local,latest,,2.0.6,2023-08-13T19:08:54,3365.4,3342.4,,,0,,0.987895,,
openml.org/t/146212,shuttle,AutoWEKA,1h4c,0,multiclass,0.998276,acc,local,latest,,2.0.6,2023-08-13T19:09:14,3385.7,3385.2,,,0,,0.998276,,
openml.org/t/167120,numerai28_6,AutoWEKA,1h4c,0,binary,0.514016,acc,local,latest,,2.0.6,2023-08-13T19:09:18,3389.3,3386.8,,,0,,0.514016,,
openml.org/t/189354,airlines,AutoWEKA,1h4c,0,binary,,acc,local,latest,,2.0.6,2023-08-13T19:10:11,3442.8,,,,0,NoResultError: AutoWEKA failed producing any prediction.,,,
openml.org/t/168912,sylvine,AutoWEKA,1h4c,0,binary,0.920078,acc,local,latest,,2.0.6,2023-08-13T19:10:15,3446.3,3445.9,,,0,,0.920078,,
openml.org/t/168911,jasmine,AutoWEKA,1h4c,0,binary,0.816054,acc,local,latest,,2.0.6,2023-08-13T19:10:25,3456.7,3455.3,,,0,,0.816054,,
openml.org/t/14965,bank-marketing,AutoWEKA,1h4c,0,binary,0.875498,acc,local,latest,,2.0.6,2023-08-13T19:10:34,3465.6,3465.1,,,0,,0.875498,,
openml.org/t/7592,adult,AutoWEKA,1h4c,0,binary,0.86653,acc,local,latest,,2.0.6,2023-08-13T19:10:35,3466.4,3465.9,,,0,,0.86653,,
openml.org/t/146606,higgs,AutoWEKA,1h4c,0,binary,0.603774,acc,local,latest,,2.0.6,2023-08-13T19:10:43,3474.5,3465.9,,,0,,0.603774,,
openml.org/t/168329,helena,AutoWEKA,1h4c,0,multiclass,0.27316,acc,local,latest,,2.0.6,2023-08-13T19:11:54,3546.1,3541.6,,,0,,0.27316,,
openml.org/t/9981,cnae-9,AutoWEKA,1h4c,0,multiclass,0.861111,acc,local,latest,,2.0.6,2023-08-13T19:14:19,3690.7,3690.0,,,0,,0.861111,,
openml.org/t/12,mfeat-factors,AutoWEKA,1h4c,0,multiclass,0.985,acc,local,latest,,2.0.6,2023-08-13T19:17:17,3869.2,3869.1,,,0,,0.985,,
openml.org/t/168331,volkert,AutoWEKA,1h4c,0,multiclass,0.616532,acc,local,latest,,2.0.6,2023-08-13T19:17:56,3907.6,3887.1,,,0,,0.616532,,
openml.org/t/168910,fabert,AutoWEKA,1h4c,0,multiclass,0.601942,acc,local,latest,,2.0.6,2023-08-13T19:18:11,3922.4,3907.0,,,0,,0.601942,,
openml.org/t/146821,car,AutoWEKA,1h4c,0,multiclass,1.0,acc,local,latest,,2.0.6,2023-08-13T19:19:41,4013.1,4013.0,,,0,,1.0,,
openml.org/t/53,vehicle,AutoWEKA,1h4c,0,multiclass,0.670588,acc,local,latest,,2.0.6,2023-08-13T19:19:52,4023.3,4023.3,,,0,,0.670588,,
openml.org/t/34539,Amazon_employee_access,AutoWEKA,1h4c,0,binary,,acc,local,latest,,2.0.6,2023-08-13T19:20:07,4038.7,,,,0,NoResultError: AutoWEKA failed producing any prediction.,,,
openml.org/t/146825,Fashion-MNIST,TPOT,1h4c,0,multiclass,,acc,local,0.12.0,,2.0.6,2023-08-13T20:25:12,78.9,,,,0,NoResultError: A pipeline has not yet been optimized. Please call fit() first.,,,
openml.org/t/168908,christine,TPOT,1h4c,0,binary,,acc,local,0.12.0,,2.0.6,2023-08-13T20:25:13,79.2,,,,0,NoResultError: A pipeline has not yet been optimized. Please call fit() first.,,,
openml.org/t/146818,Australian,AutoGluon,1h4c,0,binary,0.913043,acc,local,0.8.2,,2.0.6,2023-08-13T20:25:42,107.6,68.5,0.09,14,0,,0.913043,,5.0
openml.org/t/31,credit-g,AutoGluon,1h4c,0,binary,0.77,acc,local,0.8.2,,2.0.6,2023-08-13T20:25:43,108.8,75.5,0.04,14,0,,0.77,,2.0
openml.org/t/3917,kc1,AutoGluon,1h4c,0,binary,0.872038,acc,local,0.8.2,,2.0.6,2023-08-13T20:25:57,122.5,90.0,0.02,14,0,,0.872038,,2.0
openml.org/t/168909,dilbert,TPOT,1h4c,0,multiclass,,acc,local,0.12.0,,2.0.6,2023-08-13T20:26:01,127.1,,,,0,NoResultError: A pipeline has not yet been optimized. Please call fit() first.,,,
openml.org/t/3,kr-vs-kp,AutoGluon,1h4c,0,binary,0.99375,acc,local,0.8.2,,2.0.6,2023-08-13T20:26:01,126.9,94.3,0.05,12,0,,0.99375,,3.0
openml.org/t/168912,sylvine,AutoGluon,1h4c,0,binary,0.933723,acc,local,0.8.2,,2.0.6,2023-08-13T20:26:02,127.6,94.4,0.1,14,0,,0.933723,,5.0
openml.org/t/168911,jasmine,AutoGluon,1h4c,0,binary,0.809365,acc,local,0.8.2,,2.0.6,2023-08-13T20:26:16,141.5,108.8,0.08,14,0,,0.809365,,2.0
openml.org/t/10101,blood-transfusion-service-center,AutoGluon,1h4c,0,binary,0.76,acc,local,0.8.2,,2.0.6,2023-08-13T20:26:26,151.8,83.2,0.02,14,0,,0.76,,3.0
openml.org/t/146821,car,AutoGluon,1h4c,0,multiclass,0.988439,acc,local,0.8.2,,2.0.6,2023-08-13T20:26:57,182.3,149.5,0.07,12,0,,0.988439,,4.0
openml.org/t/9952,phoneme,AutoGluon,1h4c,0,binary,0.878004,acc,local,0.8.2,,2.0.6,2023-08-13T20:27:00,185.8,151.5,0.03,14,0,,0.878004,,3.0
openml.org/t/53,vehicle,AutoGluon,1h4c,0,multiclass,0.858824,acc,local,0.8.2,,2.0.6,2023-08-13T20:27:04,189.4,156.8,0.1,14,0,,0.858824,,4.0
openml.org/t/34539,Amazon_employee_access,AutoGluon,1h4c,0,binary,0.954226,acc,local,0.8.2,,2.0.6,2023-08-13T20:28:13,258.6,225.8,0.3,12,0,,0.954226,,3.0
openml.org/t/7592,adult,AutoGluon,1h4c,0,binary,0.873695,acc,local,0.8.2,,2.0.6,2023-08-13T20:28:24,269.5,236.0,0.08,14,0,,0.873695,,3.0
openml.org/t/146212,shuttle,AutoGluon,1h4c,0,multiclass,0.999655,acc,local,0.8.2,,2.0.6,2023-08-13T20:28:40,285.7,252.0,0.08,14,0,,0.999655,,2.0
openml.org/t/167120,numerai28_6,AutoGluon,1h4c,0,binary,0.511524,acc,local,0.8.2,,2.0.6,2023-08-13T20:29:06,313.0,277.9,0.04,14,0,,0.511524,,3.0
openml.org/t/146822,segment,AutoGluon,1h4c,0,multiclass,0.974026,acc,local,0.8.2,,2.0.6,2023-08-13T20:29:28,333.8,298.4,0.07,14,0,,0.974026,,4.0
openml.org/t/14965,bank-marketing,AutoGluon,1h4c,0,binary,0.906015,acc,local,0.8.2,,2.0.6,2023-08-13T20:29:29,334.0,295.0,0.1,14,0,,0.906015,,2.0
openml.org/t/9977,nomao,AutoGluon,1h4c,0,binary,0.975051,acc,local,0.8.2,,2.0.6,2023-08-13T20:29:57,362.9,330.0,0.2,14,0,,0.975051,,3.0
openml.org/t/12,mfeat-factors,AutoGluon,1h4c,0,multiclass,0.975,acc,local,0.8.2,,2.0.6,2023-08-13T20:31:02,427.8,386.3,0.3,14,0,,0.975,,3.0
openml.org/t/146606,higgs,AutoGluon,1h4c,0,binary,0.736359,acc,local,0.8.2,,2.0.6,2023-08-13T20:31:09,434.4,400.5,1.3,14,0,,0.736359,,7.0
openml.org/t/9981,cnae-9,AutoGluon,1h4c,0,multiclass,0.944444,acc,local,0.8.2,,2.0.6,2023-08-13T20:31:45,470.4,437.6,0.3,14,0,,0.944444,,2.0
openml.org/t/168868,APSFailure,AutoGluon,1h4c,0,binary,0.994605,acc,local,0.8.2,,2.0.6,2023-08-13T20:33:39,584.2,550.0,0.06,14,0,,0.994605,,2.0
openml.org/t/168908,christine,AutoGluon,1h4c,0,binary,0.743542,acc,local,0.8.2,,2.0.6,2023-08-13T20:35:29,694.3,661.6,0.1,14,0,,0.743542,,2.0
openml.org/t/168335,MiniBooNE,AutoGluon,1h4c,0,binary,0.9428,acc,local,0.8.2,,2.0.6,2023-08-13T20:37:19,804.8,763.1,0.4,14,0,,0.9428,,2.0
openml.org/t/167119,jungle_chess_2pcs_raw_endgame_complete,AutoGluon,1h4c,0,multiclass,0.919902,acc,local,0.8.2,,2.0.6,2023-08-13T20:37:54,840.8,806.8,0.1,14,0,,0.919902,,3.0
openml.org/t/168330,jannis,AutoGluon,1h4c,0,multiclass,0.728326,acc,local,0.8.2,,2.0.6,2023-08-13T20:39:58,963.1,914.6,4.7,14,0,,0.728326,,10.0
openml.org/t/3945,KDDCup09_appetency,AutoGluon,1h4c,0,binary,0.981,acc,local,0.8.2,,2.0.6,2023-08-13T20:46:16,1341.7,1308.6,0.3,14,0,,0.981,,2.0
openml.org/t/168910,fabert,AutoGluon,1h4c,0,multiclass,0.723301,acc,local,0.8.2,,2.0.6,2023-08-13T20:47:44,1429.0,1395.7,0.8,14,0,,0.723301,,9.0
openml.org/t/10101,blood-transfusion-service-center,TPOT,1h4c,0,binary,0.76,acc,local,0.12.0,,2.0.6,2023-08-13T21:01:35,2261.1,2225.1,0.001,9612,0,,0.76,,
openml.org/t/168338,riccardo,AutoGluon,1h4c,0,binary,0.9975,acc,local,0.8.2,,2.0.6,2023-08-13T21:03:36,2381.3,2347.0,0.6,14,0,,0.9975,,2.0
openml.org/t/31,credit-g,TPOT,1h4c,0,binary,0.82,acc,local,0.12.0,,2.0.6,2023-08-13T21:15:55,3121.5,3088.8,0.002,9665,0,,0.82,,
openml.org/t/189354,airlines,AutoGluon,1h4c,0,binary,0.673316,acc,local,0.8.2,,2.0.6,2023-08-13T21:20:16,3381.9,3341.9,7.1,14,0,,0.673316,,9.0
openml.org/t/168909,dilbert,AutoGluon,1h4c,0,multiclass,0.988,acc,local,0.8.2,,2.0.6,2023-08-13T21:20:52,3417.5,3384.4,0.4,14,0,,0.988,,4.0
openml.org/t/146818,Australian,TPOT,1h4c,0,binary,0.869565,acc,local,0.12.0,,2.0.6,2023-08-13T21:24:31,3636.8,3605.0,0.007,8742,0,,0.869565,,
openml.org/t/3917,kc1,TPOT,1h4c,0,binary,0.881517,acc,local,0.12.0,,2.0.6,2023-08-13T21:24:32,3638.5,3606.0,0.01,8324,0,,0.881517,,
openml.org/t/53,vehicle,TPOT,1h4c,0,multiclass,,acc,local,0.12.0,,2.0.6,2023-08-13T21:24:36,3642.8,,,,0,NoResultError: The fitted pipeline does not have the predict_proba() function.,,,
openml.org/t/146822,segment,TPOT,1h4c,0,multiclass,0.978355,acc,local,0.12.0,,2.0.6,2023-08-13T21:24:37,3642.5,3605.6,0.002,2222,0,,0.978355,,
openml.org/t/189356,albert,AutoGluon,1h4c,0,binary,0.705578,acc,local,0.8.2,,2.0.6,2023-08-13T21:24:37,3642.5,3604.6,3.7,14,0,,0.705578,,5.0
openml.org/t/146821,car,TPOT,1h4c,0,multiclass,1.0,acc,local,0.12.0,,2.0.6,2023-08-13T21:24:38,3643.4,3611.9,0.003,4172,0,,1.0,,
openml.org/t/146195,connect-4,AutoGluon,1h4c,0,multiclass,0.875518,acc,local,0.8.2,,2.0.6,2023-08-13T21:24:39,3644.4,3602.3,1.3,11,0,,0.875518,,3.0
openml.org/t/168331,volkert,AutoGluon,1h4c,0,multiclass,0.729377,acc,local,0.8.2,,2.0.6,2023-08-13T21:24:39,3644.5,3602.5,6.5,11,0,,0.729377,,4.0
openml.org/t/146825,Fashion-MNIST,AutoGluon,1h4c,0,multiclass,0.914,acc,local,0.8.2,,2.0.6,2023-08-13T21:24:40,3646.4,3602.2,10.1,9,0,,0.914,,6.0
openml.org/t/168912,sylvine,TPOT,1h4c,0,binary,0.951267,acc,local,0.12.0,,2.0.6,2023-08-13T21:24:42,3648.5,3616.1,0.02,2258,0,,0.951267,,
openml.org/t/9952,phoneme,TPOT,1h4c,0,binary,0.914972,acc,local,0.12.0,,2.0.6,2023-08-13T21:24:43,3649.1,3616.7,0.02,2624,0,,0.914972,,
openml.org/t/168337,guillermo,AutoGluon,1h4c,0,binary,0.8445,acc,local,0.8.2,,2.0.6,2023-08-13T21:24:43,3648.5,3612.8,0.9,14,0,,0.8445,,2.0
openml.org/t/168332,robert,AutoGluon,1h4c,0,multiclass,0.555,acc,local,0.8.2,,2.0.6,2023-08-13T21:24:44,3649.0,3612.9,2.1,6,0,,0.555,,3.0
openml.org/t/3,kr-vs-kp,TPOT,1h4c,0,binary,0.99375,acc,local,0.12.0,,2.0.6,2023-08-13T21:24:44,3650.5,3618.2,0.003,3249,0,,0.99375,,
openml.org/t/168329,helena,AutoGluon,1h4c,0,multiclass,0.395245,acc,local,0.8.2,,2.0.6,2023-08-13T21:25:01,3667.4,3605.8,26.3,10,0,,0.395245,,7.0
openml.org/t/9981,cnae-9,TPOT,1h4c,0,multiclass,0.962963,acc,local,0.12.0,,2.0.6,2023-08-13T21:25:11,3677.8,3645.5,0.02,843,0,,0.962963,,
openml.org/t/168911,jasmine,TPOT,1h4c,0,binary,0.812709,acc,local,0.12.0,,2.0.6,2023-08-13T21:25:27,3693.1,3660.7,0.01,2526,0,,0.812709,,
openml.org/t/146212,shuttle,TPOT,1h4c,0,multiclass,0.999828,acc,local,0.12.0,,2.0.6,2023-08-13T21:25:36,3701.0,3669.7,0.01,405,0,,0.999828,,
openml.org/t/34539,Amazon_employee_access,TPOT,1h4c,0,binary,0.948734,acc,local,0.12.0,,2.0.6,2023-08-13T21:25:37,3703.0,3670.6,0.06,821,0,,0.948734,,
openml.org/t/189355,dionis,AutoGluon,1h4c,0,multiclass,0.93897,acc,local,0.8.2,,2.0.6,2023-08-13T21:25:34,3710.8,3615.3,24.9,8,0,,0.93897,,7.0
openml.org/t/7592,adult,TPOT,1h4c,0,binary,0.871443,acc,local,0.12.0,,2.0.6,2023-08-13T21:25:56,3722.3,3689.9,0.01,541,0,,0.871443,,
openml.org/t/7593,covertype,AutoGluon,1h4c,0,multiclass,0.973116,acc,local,0.8.2,,2.0.6,2023-08-13T21:26:06,3731.9,3613.2,85.3,5,0,,0.973116,,4.0
openml.org/t/146195,connect-4,TPOT,1h4c,0,multiclass,0.851687,acc,local,0.12.0,,2.0.6,2023-08-13T21:26:07,3732.3,3700.8,0.09,200,0,,0.851687,,
openml.org/t/167119,jungle_chess_2pcs_raw_endgame_complete,TPOT,1h4c,0,multiclass,0.901606,acc,local,0.12.0,,2.0.6,2023-08-13T21:26:29,3754.6,3722.7,0.04,441,0,,0.901606,,
openml.org/t/12,mfeat-factors,TPOT,1h4c,0,multiclass,,acc,local,0.12.0,,2.0.6,2023-08-13T21:26:51,3776.7,,,,0,NoResultError: The fitted pipeline does not have the predict_proba() function.,,,
openml.org/t/167120,numerai28_6,TPOT,1h4c,0,binary,,acc,local,0.12.0,,2.0.6,2023-08-13T21:27:08,3794.0,,,,0,NoResultError: The fitted pipeline does not have the predict_proba() function.,,,
openml.org/t/14965,bank-marketing,TPOT,1h4c,0,binary,0.905573,acc,local,0.12.0,,2.0.6,2023-08-13T21:27:23,3808.6,3777.0,0.02,417,0,,0.905573,,
openml.org/t/168910,fabert,TPOT,1h4c,0,multiclass,0.711165,acc,local,0.12.0,,2.0.6,2023-08-13T21:28:41,3887.4,3855.1,0.01,95,0,,0.711165,,
openml.org/t/168868,APSFailure,TPOT,1h4c,0,binary,0.993289,acc,local,0.12.0,,2.0.6,2023-08-13T21:29:53,3958.3,3926.5,0.04,86,0,,0.993289,,
openml.org/t/168335,MiniBooNE,TPOT,1h4c,0,binary,0.932652,acc,local,0.12.0,,2.0.6,2023-08-13T21:30:26,3991.4,3959.7,0.007,93,0,,0.932652,,
openml.org/t/3945,KDDCup09_appetency,TPOT,1h4c,0,binary,0.9822,acc,local,0.12.0,,2.0.6,2023-08-13T21:30:27,3993.1,3960.8,0.09,106,0,,0.9822,,
openml.org/t/9977,nomao,TPOT,1h4c,0,binary,0.97244,acc,local,0.12.0,,2.0.6,2023-08-13T21:31:39,4065.9,4033.6,0.01,173,0,,0.97244,,
openml.org/t/168330,jannis,TPOT,1h4c,0,multiclass,0.70492,acc,local,0.12.0,,2.0.6,2023-08-13T21:32:01,4086.6,4054.4,0.2,93,0,,0.70492,,
openml.org/t/168329,helena,TPOT,1h4c,0,multiclass,0.351687,acc,local,0.12.0,,2.0.6,2023-08-13T21:32:06,4092.0,4057.8,0.6,32,0,,0.351687,,
openml.org/t/168331,volkert,TPOT,1h4c,0,multiclass,0.656663,acc,local,0.12.0,,2.0.6,2023-08-13T21:33:41,4186.6,4153.7,0.3,80,0,,0.656663,,
openml.org/t/168338,riccardo,TPOT,1h4c,0,binary,0.99,acc,local,0.12.0,,2.0.6,2023-08-13T21:33:46,4192.0,4160.1,0.05,64,0,,0.99,,
openml.org/t/168337,guillermo,TPOT,1h4c,0,binary,0.7685,acc,local,0.12.0,,2.0.6,2023-08-13T21:33:56,4202.0,4170.3,0.01,64,0,,0.7685,,
openml.org/t/189354,airlines,TPOT,1h4c,0,binary,0.670109,acc,local,0.12.0,,2.0.6,2023-08-13T21:34:04,4210.7,4175.7,1.3,111,0,,0.670109,,
openml.org/t/3917,kc1,H2OAutoML,1h4c,0,binary,,acc,local,3.42.0.2,,2.0.6,2023-08-13T23:42:24,201.3,,,,0,NoResultError: Local server has died unexpectedly. RIP.,,,
openml.org/t/146825,Fashion-MNIST,AutoWEKA,1h4c,0,multiclass,,acc,local,latest,,2.0.6,2023-08-14T07:27:00,2113.6,,,,0,CalledProcessError: Command 'java -cp /scratch/rl3725/final_automlbenchmark_experiments/automlbenchmark/frameworks/AutoWEKA/lib/autoweka/autoweka.jar:/scratch/rl3725/final_automlbenchmark_experiments…,,,
openml.org/t/7593,covertype,AutoWEKA,1h4c,0,multiclass,0.657292,acc,local,latest,,2.0.6,2023-08-14T07:57:26,3939.3,3938.7,,,0,,0.657292,,
openml.org/t/189355,dionis,AutoWEKA,1h4c,0,multiclass,,acc,local,latest,,2.0.6,2023-08-14T07:58:37,4010.2,,,,0,NoResultError: AutoWEKA failed producing any prediction.,,,
openml.org/t/146195,connect-4,AutoWEKA,1h4c,0,multiclass,0.710628,acc,local,latest,,2.0.6,2023-08-14T08:00:42,4136.0,4135.9,,,0,,0.710628,,
openml.org/t/168909,dilbert,AutoWEKA,1h4c,0,multiclass,0.963,acc,local,latest,,2.0.6,2023-08-14T08:01:27,4180.5,4180.4,,,0,,0.963,,
openml.org/t/168338,riccardo,AutoWEKA,1h4c,0,binary,,acc,local,latest,,2.0.6,2023-08-14T08:47:44,1431.0,,,,0,CalledProcessError: Command 'java -cp /scratch/rl3725/final_automlbenchmark_experiments/automlbenchmark/frameworks/AutoWEKA/lib/autoweka/autoweka.jar:/scratch/rl3725/final_automlbenchmark_experiments…,,,
openml.org/t/146818,Australian,AutoWEKA,1h4c,0,binary,0.855072,acc,local,latest,,2.0.6,2023-08-14T09:20:38,3404.7,3404.6,,,0,,0.855072,,
openml.org/t/10101,blood-transfusion-service-center,H2OAutoML,1h4c,0,binary,0.76,acc,local,3.42.0.2,,2.0.6,2023-08-14T10:14:06,3410.8,3400.5,0.2,105,0,,0.76,,
openml.org/t/146818,Australian,H2OAutoML,1h4c,0,binary,0.898551,acc,local,3.42.0.2,,2.0.6,2023-08-14T10:16:14,3540.5,3529.5,0.3,291,0,,0.898551,,
openml.org/t/168911,jasmine,H2OAutoML,1h4c,0,binary,0.819398,acc,local,3.42.0.2,,2.0.6,2023-08-14T10:16:35,3560.9,3543.5,0.3,101,0,,0.819398,,
openml.org/t/53,vehicle,H2OAutoML,1h4c,0,multiclass,0.882353,acc,local,3.42.0.2,,2.0.6,2023-08-14T10:17:20,3606.0,3590.5,0.2,153,0,,0.882353,,
openml.org/t/12,mfeat-factors,H2OAutoML,1h4c,0,multiclass,0.975,acc,local,3.42.0.2,,2.0.6,2023-08-14T10:17:27,3613.3,3602.3,0.2,132,0,,0.975,,
openml.org/t/146606,higgs,H2OAutoML,1h4c,0,binary,0.719327,acc,local,3.42.0.2,,2.0.6,2023-08-14T10:17:31,3617.1,3603.2,1.6,90,0,,0.719327,,
openml.org/t/167119,jungle_chess_2pcs_raw_endgame_complete,H2OAutoML,1h4c,0,multiclass,0.959839,acc,local,3.42.0.2,,2.0.6,2023-08-14T10:17:31,3617.1,3602.2,3.9,78,0,,0.959839,,
openml.org/t/14965,bank-marketing,H2OAutoML,1h4c,0,binary,0.909111,acc,local,3.42.0.2,,2.0.6,2023-08-14T10:17:31,3617.3,3605.9,0.3,206,0,,0.909111,,
openml.org/t/146822,segment,H2OAutoML,1h4c,0,multiclass,0.974026,acc,local,3.42.0.2,,2.0.6,2023-08-14T10:17:32,3617.7,3607.1,0.2,365,0,,0.974026,,
openml.org/t/9981,cnae-9,H2OAutoML,1h4c,0,multiclass,0.944444,acc,local,3.42.0.2,,2.0.6,2023-08-14T10:17:33,3618.8,3603.3,0.2,161,0,,0.944444,,
openml.org/t/3,kr-vs-kp,H2OAutoML,1h4c,0,binary,0.996875,acc,local,3.42.0.2,,2.0.6,2023-08-14T10:17:34,3619.8,3602.7,0.3,359,0,,0.996875,,
openml.org/t/146212,shuttle,H2OAutoML,1h4c,0,multiclass,0.999828,acc,local,3.42.0.2,,2.0.6,2023-08-14T10:17:34,3620.2,3608.5,0.9,55,0,,0.999828,,
openml.org/t/9952,phoneme,H2OAutoML,1h4c,0,binary,0.898336,acc,local,3.42.0.2,,2.0.6,2023-08-14T10:17:35,3620.8,3605.1,0.3,600,0,,0.898336,,
openml.org/t/168330,jannis,H2OAutoML,1h4c,0,multiclass,0.728923,acc,local,3.42.0.2,,2.0.6,2023-08-14T10:17:35,3620.8,3601.3,2.7,28,0,,0.728923,,
openml.org/t/168910,fabert,H2OAutoML,1h4c,0,multiclass,0.723301,acc,local,3.42.0.2,,2.0.6,2023-08-14T10:17:36,3621.9,3604.1,0.7,28,0,,0.723301,,
openml.org/t/7592,adult,H2OAutoML,1h4c,0,binary,0.864688,acc,local,3.42.0.2,,2.0.6,2023-08-14T10:17:36,3622.0,3606.0,0.3,189,0,,0.864688,,
openml.org/t/168331,volkert,H2OAutoML,1h4c,0,multiclass,0.691305,acc,local,3.42.0.2,,2.0.6,2023-08-14T10:17:36,3622.0,3603.0,0.7,11,0,,0.691305,,
openml.org/t/168912,sylvine,H2OAutoML,1h4c,0,binary,0.953216,acc,local,3.42.0.2,,2.0.6,2023-08-14T10:17:36,3622.4,3604.6,1.1,564,0,,0.953216,,
openml.org/t/168908,christine,H2OAutoML,1h4c,0,binary,0.721402,acc,local,3.42.0.2,,2.0.6,2023-08-14T10:17:37,3619.9,3602.6,0.4,68,0,,0.721402,,
openml.org/t/168868,APSFailure,H2OAutoML,1h4c,0,binary,0.995263,acc,local,3.42.0.2,,2.0.6,2023-08-14T10:17:37,3620.3,3604.4,0.7,34,0,,0.995263,,
openml.org/t/189354,airlines,H2OAutoML,1h4c,0,binary,0.614639,acc,local,3.42.0.2,,2.0.6,2023-08-14T10:17:38,3623.8,3602.1,4.1,40,0,,0.614639,,
openml.org/t/168329,helena,H2OAutoML,1h4c,0,multiclass,0.347546,acc,local,3.42.0.2,,2.0.6,2023-08-14T10:17:39,3625.1,3605.7,1.3,8,0,,0.347546,,
openml.org/t/168909,dilbert,H2OAutoML,1h4c,0,multiclass,0.978,acc,local,3.42.0.2,,2.0.6,2023-08-14T10:17:40,3622.6,3607.2,0.4,17,0,,0.978,,
openml.org/t/3945,KDDCup09_appetency,H2OAutoML,1h4c,0,binary,0.976,acc,local,3.42.0.2,,2.0.6,2023-08-14T10:17:41,3626.4,3606.9,0.3,61,0,,0.976,,
openml.org/t/146825,Fashion-MNIST,H2OAutoML,1h4c,0,multiclass,0.902,acc,local,3.42.0.2,,2.0.6,2023-08-14T10:17:41,3627.4,3610.6,3.3,17,0,,0.902,,
openml.org/t/7593,covertype,H2OAutoML,1h4c,0,multiclass,0.800523,acc,local,3.42.0.2,,2.0.6,2023-08-14T10:17:43,3629.1,3605.3,4.6,10,0,,0.800523,,
openml.org/t/168338,riccardo,H2OAutoML,1h4c,0,binary,0.995,acc,local,3.42.0.2,,2.0.6,2023-08-14T10:17:47,3630.2,3607.4,0.3,21,0,,0.995,,
openml.org/t/168332,robert,H2OAutoML,1h4c,0,multiclass,0.514,acc,local,3.42.0.2,,2.0.6,2023-08-14T10:17:49,3634.3,3611.4,0.6,17,0,,0.514,,
openml.org/t/168337,guillermo,H2OAutoML,1h4c,0,binary,0.8345,acc,local,3.42.0.2,,2.0.6,2023-08-14T10:17:50,3632.8,3610.6,0.8,29,0,,0.8345,,
openml.org/t/146821,car,H2OAutoML,1h4c,0,multiclass,1.0,acc,local,3.42.0.2,,2.0.6,2023-08-14T10:17:51,3636.8,3626.3,0.2,542,0,,1.0,,
openml.org/t/34539,Amazon_employee_access,H2OAutoML,1h4c,0,binary,0.95087,acc,local,3.42.0.2,,2.0.6,2023-08-14T10:17:57,3643.0,3624.2,1.3,165,0,,0.95087,,
openml.org/t/31,credit-g,H2OAutoML,1h4c,0,binary,,acc,local,3.42.0.2,,2.0.6,2023-08-14T10:21:41,4014.5,,,,0,NoResultError: Local server has died unexpectedly. RIP.,,,
openml.org/t/168335,MiniBooNE,H2OAutoML,1h4c,0,binary,,acc,local,3.42.0.2,,2.0.6,2023-08-14T12:10:38,2690.5,,,,0,NoResultError: Job with key $03017f000001a336ffffffff$_99ef337429d4417b3785af80319348b3 failed with an exception: water.exceptions.H2OAutoMLException: Aborting AutoML after too many consecutive model…,,,
openml.org/t/167120,numerai28_6,H2OAutoML,1h4c,0,binary,0.506333,acc,local,3.42.0.2,,2.0.6,2023-08-14T12:26:05,3617.5,3604.1,0.2,100,0,,0.506333,,
openml.org/t/9977,nomao,H2OAutoML,1h4c,0,binary,0.975051,acc,local,3.42.0.2,,2.0.6,2023-08-14T12:26:07,3619.3,3603.6,0.5,46,0,,0.975051,,
openml.org/t/146195,connect-4,H2OAutoML,1h4c,0,multiclass,0.876702,acc,local,3.42.0.2,,2.0.6,2023-08-14T12:26:12,3625.0,3602.8,5.8,25,0,,0.876702,,
openml.org/t/168332,robert,TPOT,1h4c,0,multiclass,0.444,acc,local,0.12.0,,2.0.6,2023-08-14T12:36:01,4090.6,4067.2,0.08,48,0,,0.444,,
openml.org/t/12,mfeat-factors,AlphaD3M,1h4c,0,multiclass,0.965,acc,local,stable,,2.0.6,2023-08-14T17:12:06,640.2,607.5,,1,0,,0.965,"{ 'target': { 'classes': ['1', '10', '2', '3', '4', '5', '6', '7', '8', '9'],
              'name': 'class'},
  'test': { 'path': '/scratch/rl3725/final_automlbenchmark_experiments/openml_datasets/org/openml/www/datasets/12/dataset_test_0.csv'},
  'train': { 'path': '/scratch/rl3725/final_automlbenchmark_experiments/openml_datasets/org/openml/www/datasets/12/dataset_train_0.csv'}}",
openml.org/t/7592,adult,AlphaD3M,1h4c,0,binary,0.870624,acc,local,stable,,2.0.6,2023-08-14T17:13:18,711.6,680.5,,1,0,,0.870624,"{ 'target': {'classes': ['<=50k', '>50k'], 'name': 'class'},
  'test': { 'path': '/scratch/rl3725/final_automlbenchmark_experiments/openml_datasets/org/openml/www/datasets/1590/dataset_test_0.csv'},
  'train': { 'path': '/scratch/rl3725/final_automlbenchmark_experiments/openml_datasets/org/openml/www/datasets/1590/dataset_train_0.csv'}}",
openml.org/t/146212,shuttle,AlphaD3M,1h4c,0,multiclass,0.999828,acc,local,stable,,2.0.6,2023-08-14T17:15:46,860.3,829.4,,1,0,,0.999828,"{ 'target': {'classes': ['1', '2', '3', '4', '5', '6', '7'], 'name': 'class'},
  'test': { 'path': '/scratch/rl3725/final_automlbenchmark_experiments/openml_datasets/org/openml/www/datasets/40685/dataset_test_0.csv'},
  'train': { 'path': '/scratch/rl3725/final_automlbenchmark_experiments/openml_datasets/org/openml/www/datasets/40685/dataset_train_0.csv'}}",
openml.org/t/146822,segment,AlphaD3M,1h4c,0,multiclass,0.974026,acc,local,stable,,2.0.6,2023-08-14T17:17:23,956.6,924.5,,1,0,,0.974026,"{ 'target': { 'classes': [ 'brickface', 'cement', 'foliage', 'grass', 'path',
                           'sky', 'window'],
              'name': 'class'},
  'test': { 'path': '/scratch/rl3725/final_automlbenchmark_experiments/openml_datasets/org/openml/www/datasets/40984/dataset_test_0.csv'},
  'train': { 'path': '/scratch/rl3725/final_automlbenchmark_experiments/openml_datasets/org/openml/www/datasets/40984/dataset_train_0.csv'}}",
openml.org/t/9977,nomao,AlphaD3M,1h4c,0,binary,0.964897,acc,local,stable,,2.0.6,2023-08-14T17:17:42,975.4,944.6,,1,0,,0.964897,"{ 'target': {'classes': ['1', '2'], 'name': 'Class'},
  'test': { 'path': '/scratch/rl3725/final_automlbenchmark_experiments/openml_datasets/org/openml/www/datasets/1486/dataset_test_0.csv'},
  'train': { 'path': '/scratch/rl3725/final_automlbenchmark_experiments/openml_datasets/org/openml/www/datasets/1486/dataset_train_0.csv'}}",
openml.org/t/168330,jannis,AlphaD3M,1h4c,0,multiclass,0.71722,acc,local,stable,,2.0.6,2023-08-14T17:22:26,1260.1,1227.5,,1,0,,0.71722,"{ 'target': {'classes': ['0', '1', '2', '3'], 'name': 'class'},
  'test': { 'path': '/scratch/rl3725/final_automlbenchmark_experiments/openml_datasets/org/openml/www/datasets/41168/dataset_test_0.csv'},
  'train': { 'path': '/scratch/rl3725/final_automlbenchmark_experiments/openml_datasets/org/openml/www/datasets/41168/dataset_train_0.csv'}}",
openml.org/t/168331,volkert,AlphaD3M,1h4c,0,multiclass,0.661465,acc,local,stable,,2.0.6,2023-08-14T17:30:43,1757.1,1724.4,,1,0,,0.661465,"{ 'target': { 'classes': ['0', '1', '2', '3', '4', '5', '6', '7', '8', '9'],
              'name': 'class'},
  'test': { 'path': '/scratch/rl3725/final_automlbenchmark_experiments/openml_datasets/org/openml/www/datasets/41166/dataset_test_0.csv'},
  'train': { 'path': '/scratch/rl3725/final_automlbenchmark_experiments/openml_datasets/org/openml/www/datasets/41166/dataset_train_0.csv'}}",
openml.org/t/168909,dilbert,AlphaD3M,1h4c,0,multiclass,0.992,acc,local,stable,,2.0.6,2023-08-14T17:35:14,2027.8,1995.2,,1,0,,0.992,"{ 'target': {'classes': ['0', '1', '2', '3', '4'], 'name': 'class'},
  'test': { 'path': '/scratch/rl3725/final_automlbenchmark_experiments/openml_datasets/org/openml/www/datasets/41163/dataset_test_0.csv'},
  'train': { 'path': '/scratch/rl3725/final_automlbenchmark_experiments/openml_datasets/org/openml/www/datasets/41163/dataset_train_0.csv'}}",
openml.org/t/168868,APSFailure,AlphaD3M,1h4c,0,binary,0.993289,acc,local,stable,,2.0.6,2023-08-14T17:37:56,2190.3,2159.4,,1,0,,0.993289,"{ 'target': {'classes': ['neg', 'pos'], 'name': 'class'},
  'test': { 'path': '/scratch/rl3725/final_automlbenchmark_experiments/openml_datasets/org/openml/www/datasets/41138/dataset_test_0.csv'},
  'train': { 'path': '/scratch/rl3725/final_automlbenchmark_experiments/openml_datasets/org/openml/www/datasets/41138/dataset_train_0.csv'}}",
openml.org/t/53,vehicle,AlphaD3M,1h4c,0,multiclass,0.823529,acc,local,stable,,2.0.6,2023-08-14T17:53:37,3130.3,3099.8,,1,0,,0.823529,"{ 'target': {'classes': ['bus', 'opel', 'saab', 'van'], 'name': 'Class'},
  'test': { 'path': '/scratch/rl3725/final_automlbenchmark_experiments/openml_datasets/org/openml/www/datasets/54/dataset_test_0.csv'},
  'train': { 'path': '/scratch/rl3725/final_automlbenchmark_experiments/openml_datasets/org/openml/www/datasets/54/dataset_train_0.csv'}}",
openml.org/t/167120,numerai28_6,AlphaD3M,1h4c,0,binary,0.509136,acc,local,stable,,2.0.6,2023-08-14T17:53:40,3133.7,3101.3,,1,0,,0.509136,"{ 'target': {'classes': ['0', '1'], 'name': 'attribute_21'},
  'test': { 'path': '/scratch/rl3725/final_automlbenchmark_experiments/openml_datasets/org/openml/www/datasets/23517/dataset_test_0.csv'},
  'train': { 'path': '/scratch/rl3725/final_automlbenchmark_experiments/openml_datasets/org/openml/www/datasets/23517/dataset_train_0.csv'}}",
openml.org/t/3917,kc1,AlphaD3M,1h4c,0,binary,0.862559,acc,local,stable,,2.0.6,2023-08-14T17:54:23,3177.0,3146.5,,1,0,,0.862559,"{ 'target': {'classes': ['false', 'true'], 'name': 'defects'},
  'test': { 'path': '/scratch/rl3725/final_automlbenchmark_experiments/openml_datasets/org/openml/www/datasets/1067/dataset_test_0.csv'},
  'train': { 'path': '/scratch/rl3725/final_automlbenchmark_experiments/openml_datasets/org/openml/www/datasets/1067/dataset_train_0.csv'}}",
openml.org/t/3,kr-vs-kp,AlphaD3M,1h4c,0,binary,0.99375,acc,local,stable,,2.0.6,2023-08-14T17:54:50,3203.8,3171.2,,1,0,,0.99375,"{ 'target': {'classes': ['nowin', 'won'], 'name': 'class'},
  'test': { 'path': '/scratch/rl3725/final_automlbenchmark_experiments/openml_datasets/org/openml/www/datasets/3/dataset_test_0.csv'},
  'train': { 'path': '/scratch/rl3725/final_automlbenchmark_experiments/openml_datasets/org/openml/www/datasets/3/dataset_train_0.csv'}}",
openml.org/t/9952,phoneme,AlphaD3M,1h4c,0,binary,0.90573,acc,local,stable,,2.0.6,2023-08-14T17:54:55,3208.5,3178.0,,1,0,,0.90573,"{ 'target': {'classes': ['1', '2'], 'name': 'Class'},
  'test': { 'path': '/scratch/rl3725/final_automlbenchmark_experiments/openml_datasets/org/openml/www/datasets/1489/dataset_test_0.csv'},
  'train': { 'path': '/scratch/rl3725/final_automlbenchmark_experiments/openml_datasets/org/openml/www/datasets/1489/dataset_train_0.csv'}}",
openml.org/t/9981,cnae-9,AlphaD3M,1h4c,0,multiclass,0.944444,acc,local,stable,,2.0.6,2023-08-14T17:54:58,3211.3,3180.6,,1,0,,0.944444,"{ 'target': { 'classes': ['1', '2', '3', '4', '5', '6', '7', '8', '9'],
              'name': 'Class'},
  'test': { 'path': '/scratch/rl3725/final_automlbenchmark_experiments/openml_datasets/org/openml/www/datasets/1468/dataset_test_0.csv'},
  'train': { 'path': '/scratch/rl3725/final_automlbenchmark_experiments/openml_datasets/org/openml/www/datasets/1468/dataset_train_0.csv'}}",
openml.org/t/146821,car,AlphaD3M,1h4c,0,multiclass,0.971098,acc,local,stable,,2.0.6,2023-08-14T17:55:25,3238.6,3207.8,,1,0,,0.971098,"{ 'target': {'classes': ['acc', 'good', 'unacc', 'vgood'], 'name': 'class'},
  'test': { 'path': '/scratch/rl3725/final_automlbenchmark_experiments/openml_datasets/org/openml/www/datasets/40975/dataset_test_0.csv'},
  'train': { 'path': '/scratch/rl3725/final_automlbenchmark_experiments/openml_datasets/org/openml/www/datasets/40975/dataset_train_0.csv'}}",
openml.org/t/146825,Fashion-MNIST,AlphaD3M,1h4c,0,multiclass,0.861714,acc,local,stable,,2.0.6,2023-08-14T17:56:33,3306.9,3275.8,,1,0,,0.861714,"{ 'target': { 'classes': ['0', '1', '2', '3', '4', '5', '6', '7', '8', '9'],
              'name': 'class'},
  'test': { 'path': '/scratch/rl3725/final_automlbenchmark_experiments/openml_datasets/org/openml/www/datasets/40996/dataset_test_0.csv'},
  'train': { 'path': '/scratch/rl3725/final_automlbenchmark_experiments/openml_datasets/org/openml/www/datasets/40996/dataset_train_0.csv'}}",
openml.org/t/189354,airlines,AlphaD3M,1h4c,0,binary,0.647824,acc,local,stable,,2.0.6,2023-08-14T17:56:46,3319.7,3289.0,,1,0,,0.647824,"{ 'target': {'classes': ['0', '1'], 'name': 'Delay'},
  'test': { 'path': '/scratch/rl3725/final_automlbenchmark_experiments/openml_datasets/org/openml/www/datasets/1169/dataset_test_0.csv'},
  'train': { 'path': '/scratch/rl3725/final_automlbenchmark_experiments/openml_datasets/org/openml/www/datasets/1169/dataset_train_0.csv'}}",
openml.org/t/7593,covertype,AlphaD3M,1h4c,0,multiclass,0.946904,acc,local,stable,,2.0.6,2023-08-14T17:57:20,3353.8,3322.9,,1,0,,0.946904,"{ 'target': {'classes': ['1', '2', '3', '4', '5', '6', '7'], 'name': 'class'},
  'test': { 'path': '/scratch/rl3725/final_automlbenchmark_experiments/openml_datasets/org/openml/www/datasets/1596/dataset_test_0.csv'},
  'train': { 'path': '/scratch/rl3725/final_automlbenchmark_experiments/openml_datasets/org/openml/www/datasets/1596/dataset_train_0.csv'}}",
openml.org/t/34539,Amazon_employee_access,AlphaD3M,1h4c,0,binary,0.945072,acc,local,stable,,2.0.6,2023-08-14T17:58:20,3413.5,3383.1,,1,0,,0.945072,"{ 'target': {'classes': ['0', '1'], 'name': 'target'},
  'test': { 'path': '/scratch/rl3725/final_automlbenchmark_experiments/openml_datasets/org/openml/www/datasets/4135/dataset_test_0.csv'},
  'train': { 'path': '/scratch/rl3725/final_automlbenchmark_experiments/openml_datasets/org/openml/www/datasets/4135/dataset_train_0.csv'}}",
openml.org/t/10101,blood-transfusion-service-center,AlphaD3M,1h4c,0,binary,0.786667,acc,local,stable,,2.0.6,2023-08-14T17:58:40,3434.2,3401.8,,1,0,,0.786667,"{ 'target': {'classes': ['1', '2'], 'name': 'Class'},
  'test': { 'path': '/scratch/rl3725/final_automlbenchmark_experiments/openml_datasets/org/openml/www/datasets/1464/dataset_test_0.csv'},
  'train': { 'path': '/scratch/rl3725/final_automlbenchmark_experiments/openml_datasets/org/openml/www/datasets/1464/dataset_train_0.csv'}}",
openml.org/t/168910,fabert,AlphaD3M,1h4c,0,multiclass,0.651699,acc,local,stable,,2.0.6,2023-08-14T17:58:40,3434.0,3403.3,,1,0,,0.651699,"{ 'target': {'classes': ['0', '1', '2', '3', '4', '5', '6'], 'name': 'class'},
  'test': { 'path': '/scratch/rl3725/final_automlbenchmark_experiments/openml_datasets/org/openml/www/datasets/41164/dataset_test_0.csv'},
  'train': { 'path': '/scratch/rl3725/final_automlbenchmark_experiments/openml_datasets/org/openml/www/datasets/41164/dataset_train_0.csv'}}",
openml.org/t/146818,Australian,AlphaD3M,1h4c,0,binary,0.869565,acc,local,stable,,2.0.6,2023-08-14T17:58:43,3436.8,3406.4,,1,0,,0.869565,"{ 'target': {'classes': ['0', '1'], 'name': 'A15'},
  'test': { 'path': '/scratch/rl3725/final_automlbenchmark_experiments/openml_datasets/org/openml/www/datasets/40981/dataset_test_0.csv'},
  'train': { 'path': '/scratch/rl3725/final_automlbenchmark_experiments/openml_datasets/org/openml/www/datasets/40981/dataset_train_0.csv'}}",
openml.org/t/168912,sylvine,AlphaD3M,1h4c,0,binary,0.937622,acc,local,stable,,2.0.6,2023-08-14T17:59:00,3453.9,3423.4,,1,0,,0.937622,"{ 'target': {'classes': ['0', '1'], 'name': 'class'},
  'test': { 'path': '/scratch/rl3725/final_automlbenchmark_experiments/openml_datasets/org/openml/www/datasets/41146/dataset_test_0.csv'},
  'train': { 'path': '/scratch/rl3725/final_automlbenchmark_experiments/openml_datasets/org/openml/www/datasets/41146/dataset_train_0.csv'}}",
openml.org/t/31,credit-g,AlphaD3M,1h4c,0,binary,0.77,acc,local,stable,,2.0.6,2023-08-14T17:59:05,3458.8,3428.4,,1,0,,0.77,"{ 'target': {'classes': ['bad', 'good'], 'name': 'class'},
  'test': { 'path': '/scratch/rl3725/final_automlbenchmark_experiments/openml_datasets/org/openml/www/datasets/31/dataset_test_0.csv'},
  'train': { 'path': '/scratch/rl3725/final_automlbenchmark_experiments/openml_datasets/org/openml/www/datasets/31/dataset_train_0.csv'}}",
openml.org/t/167119,jungle_chess_2pcs_raw_endgame_complete,AlphaD3M,1h4c,0,multiclass,0.826863,acc,local,stable,,2.0.6,2023-08-14T17:59:10,3464.1,3433.7,,1,0,,0.826863,"{ 'target': {'classes': ['b', 'd', 'w'], 'name': 'class'},
  'test': { 'path': '/scratch/rl3725/final_automlbenchmark_experiments/openml_datasets/org/openml/www/datasets/41027/dataset_test_0.csv'},
  'train': { 'path': '/scratch/rl3725/final_automlbenchmark_experiments/openml_datasets/org/openml/www/datasets/41027/dataset_train_0.csv'}}",
openml.org/t/168911,jasmine,AlphaD3M,1h4c,0,binary,0.80602,acc,local,stable,,2.0.6,2023-08-14T17:59:33,3487.2,3456.5,,1,0,,0.80602,"{ 'target': {'classes': ['0', '1'], 'name': 'class'},
  'test': { 'path': '/scratch/rl3725/final_automlbenchmark_experiments/openml_datasets/org/openml/www/datasets/41143/dataset_test_0.csv'},
  'train': { 'path': '/scratch/rl3725/final_automlbenchmark_experiments/openml_datasets/org/openml/www/datasets/41143/dataset_train_0.csv'}}",
openml.org/t/168908,christine,AlphaD3M,1h4c,0,binary,0.765683,acc,local,stable,,2.0.6,2023-08-14T17:59:43,3496.5,3465.8,,1,0,,0.765683,"{ 'target': {'classes': ['0', '1'], 'name': 'class'},
  'test': { 'path': '/scratch/rl3725/final_automlbenchmark_experiments/openml_datasets/org/openml/www/datasets/41142/dataset_test_0.csv'},
  'train': { 'path': '/scratch/rl3725/final_automlbenchmark_experiments/openml_datasets/org/openml/www/datasets/41142/dataset_train_0.csv'}}",
openml.org/t/14965,bank-marketing,AlphaD3M,1h4c,0,binary,0.905573,acc,local,stable,,2.0.6,2023-08-14T17:59:43,3496.6,3466.2,,1,0,,0.905573,"{ 'target': {'classes': ['1', '2'], 'name': 'Class'},
  'test': { 'path': '/scratch/rl3725/final_automlbenchmark_experiments/openml_datasets/org/openml/www/datasets/1461/dataset_test_0.csv'},
  'train': { 'path': '/scratch/rl3725/final_automlbenchmark_experiments/openml_datasets/org/openml/www/datasets/1461/dataset_train_0.csv'}}",
openml.org/t/146195,connect-4,AlphaD3M,1h4c,0,multiclass,0.805802,acc,local,stable,,2.0.6,2023-08-14T18:00:54,3568.3,3536.7,,1,0,,0.805802,"{ 'target': {'classes': ['0', '1', '2'], 'name': 'class'},
  'test': { 'path': '/scratch/rl3725/final_automlbenchmark_experiments/openml_datasets/org/openml/www/datasets/40668/dataset_test_0.csv'},
  'train': { 'path': '/scratch/rl3725/final_automlbenchmark_experiments/openml_datasets/org/openml/www/datasets/40668/dataset_train_0.csv'}}",
openml.org/t/189356,albert,AlphaD3M,1h4c,0,binary,,acc,local,stable,,2.0.6,2023-08-14T18:01:08,3581.9,,,,0,NoResultError: max() arg is an empty sequence,,,
openml.org/t/3945,KDDCup09_appetency,autosklearn,1h4c,0,binary,0.9822,acc,local,0.14.1,,2.0.6,2023-08-14T18:01:19,3628.6,3597.0,0.003,1,0,,0.9822,,
openml.org/t/9952,phoneme,autosklearn,1h4c,0,binary,0.898336,acc,local,0.14.1,,2.0.6,2023-08-14T18:01:21,3630.3,3597.8,0.7,12,0,,0.898336,,
openml.org/t/53,vehicle,autosklearn,1h4c,0,multiclass,0.847059,acc,local,0.14.1,,2.0.6,2023-08-14T18:01:22,3631.0,3599.7,0.04,21,0,,0.847059,,
openml.org/t/31,credit-g,autosklearn,1h4c,0,binary,0.82,acc,local,0.14.1,,2.0.6,2023-08-14T18:01:24,3633.0,3599.3,0.09,33,0,,0.82,,
openml.org/t/3,kr-vs-kp,autosklearn,1h4c,0,binary,0.99375,acc,local,0.14.1,,2.0.6,2023-08-14T18:01:24,3633.2,3598.2,0.9,33,0,,0.99375,,
openml.org/t/9981,cnae-9,autosklearn,1h4c,0,multiclass,0.962963,acc,local,0.14.1,,2.0.6,2023-08-14T18:01:24,3633.7,3597.9,2.2,9,0,,0.962963,,
openml.org/t/10101,blood-transfusion-service-center,autosklearn,1h4c,0,binary,0.76,acc,local,0.14.1,,2.0.6,2023-08-14T18:01:27,3636.0,3604.0,0.04,31,0,,0.76,,
openml.org/t/146818,Australian,autosklearn,1h4c,0,binary,0.84058,acc,local,0.14.1,,2.0.6,2023-08-14T18:01:27,3636.1,3604.0,0.2,20,0,,0.84058,,
openml.org/t/168912,sylvine,autosklearn,1h4c,0,binary,0.947368,acc,local,0.14.1,,2.0.6,2023-08-14T18:01:27,3636.6,3603.1,0.6,20,0,,0.947368,,
openml.org/t/34539,Amazon_employee_access,autosklearn,1h4c,0,binary,0.950259,acc,local,0.14.1,,2.0.6,2023-08-14T18:01:28,3637.0,3598.6,3.3,13,0,,0.950259,,
openml.org/t/3917,kc1,autosklearn,1h4c,0,binary,0.862559,acc,local,0.14.1,,2.0.6,2023-08-14T18:01:28,3636.8,3605.4,0.03,30,0,,0.862559,,
openml.org/t/168908,christine,autosklearn,1h4c,0,binary,0.756458,acc,local,0.14.1,,2.0.6,2023-08-14T18:01:30,3639.0,3601.8,2.5,19,0,,0.756458,,
openml.org/t/168910,fabert,autosklearn,1h4c,0,multiclass,0.720874,acc,local,0.14.1,,2.0.6,2023-08-14T18:01:30,3639.3,3605.7,0.7,19,0,,0.720874,,
openml.org/t/146822,segment,autosklearn,1h4c,0,multiclass,0.974026,acc,local,0.14.1,,2.0.6,2023-08-14T18:01:31,3640.0,3605.3,1.3,29,0,,0.974026,,
openml.org/t/168868,APSFailure,autosklearn,1h4c,0,binary,0.994211,acc,local,0.14.1,,2.0.6,2023-08-14T18:01:31,3639.9,3600.6,3.6,7,0,,0.994211,,
openml.org/t/9977,nomao,autosklearn,1h4c,0,binary,0.97244,acc,local,0.14.1,,2.0.6,2023-08-14T18:01:31,3640.5,3601.6,3.7,20,0,,0.97244,,
openml.org/t/146821,car,autosklearn,1h4c,0,multiclass,1.0,acc,local,0.14.1,,2.0.6,2023-08-14T18:01:34,3643.4,3609.2,1.3,33,0,,1.0,,
openml.org/t/12,mfeat-factors,autosklearn,1h4c,0,multiclass,0.98,acc,local,0.14.1,,2.0.6,2023-08-14T18:01:34,3643.8,3607.9,1.6,33,0,,0.98,,
openml.org/t/14965,bank-marketing,autosklearn,1h4c,0,binary,0.908669,acc,local,0.14.1,,2.0.6,2023-08-14T18:01:35,3644.5,3603.4,4.5,12,0,,0.908669,,
openml.org/t/168337,guillermo,autosklearn,1h4c,0,binary,0.8615,acc,local,0.14.1,,2.0.6,2023-08-14T18:01:39,3648.3,3598.6,8.8,8,0,,0.8615,,
openml.org/t/7592,adult,autosklearn,1h4c,0,binary,0.873286,acc,local,0.14.1,,2.0.6,2023-08-14T18:01:39,3648.3,3601.8,7.5,13,0,,0.873286,,
openml.org/t/167119,jungle_chess_2pcs_raw_endgame_complete,autosklearn,1h4c,0,multiclass,0.935966,acc,local,0.14.1,,2.0.6,2023-08-14T18:01:41,3650.3,3602.8,7.7,14,0,,0.935966,,
openml.org/t/168335,MiniBooNE,autosklearn,1h4c,0,binary,0.943569,acc,local,0.14.1,,2.0.6,2023-08-14T18:01:42,3651.2,3602.0,8.6,12,0,,0.943569,,
openml.org/t/146606,higgs,autosklearn,1h4c,0,binary,0.732993,acc,local,0.14.1,,2.0.6,2023-08-14T18:01:43,3652.1,3605.5,7.0,10,0,,0.732993,,
openml.org/t/146212,shuttle,autosklearn,1h4c,0,multiclass,1.0,acc,local,0.14.1,,2.0.6,2023-08-14T18:01:44,3653.7,3602.7,9.4,33,0,,1.0,,
openml.org/t/168911,jasmine,autosklearn,1h4c,0,binary,0.819398,acc,local,0.14.1,,2.0.6,2023-08-14T18:01:45,3654.0,3606.1,8.0,26,0,,0.819398,,
openml.org/t/168330,jannis,autosklearn,1h4c,0,multiclass,0.728923,acc,local,0.14.1,,2.0.6,2023-08-14T18:01:48,3657.8,3602.6,11.5,11,0,,0.728923,,
openml.org/t/189355,dionis,autosklearn,1h4c,0,multiclass,0.00458925,acc,local,0.14.1,,2.0.6,2023-08-14T18:01:48,3663.2,3596.5,0.3,1,0,,0.00458925,,
openml.org/t/146195,connect-4,autosklearn,1h4c,0,multiclass,0.855684,acc,local,0.14.1,,2.0.6,2023-08-14T18:02:07,3676.0,3603.5,20.4,16,0,,0.855684,,
openml.org/t/189354,airlines,autosklearn,1h4c,0,binary,0.671796,acc,local,0.14.1,,2.0.6,2023-08-14T18:02:07,3676.8,3605.0,20.9,7,0,,0.671796,,
openml.org/t/168909,dilbert,autosklearn,1h4c,0,multiclass,0.992,acc,local,0.14.1,,2.0.6,2023-08-14T18:02:11,3680.3,3605.2,21.0,21,0,,0.992,,
openml.org/t/168338,riccardo,autosklearn,1h4c,0,binary,0.9975,acc,local,0.14.1,,2.0.6,2023-08-14T18:02:24,3693.4,3599.5,32.0,20,0,,0.9975,,
openml.org/t/168335,MiniBooNE,AlphaD3M,1h4c,0,binary,0.938802,acc,local,stable,,2.0.6,2023-08-14T18:02:26,3660.4,3627.7,,1,0,,0.938802,"{ 'target': {'classes': ['false', 'true'], 'name': 'signal'},
  'test': { 'path': '/scratch/rl3725/final_automlbenchmark_experiments/openml_datasets/org/openml/www/datasets/41150/dataset_test_0.csv'},
  'train': { 'path': '/scratch/rl3725/final_automlbenchmark_experiments/openml_datasets/org/openml/www/datasets/41150/dataset_train_0.csv'}}",
openml.org/t/7593,covertype,autosklearn,1h4c,0,multiclass,0.960638,acc,local,0.14.1,,2.0.6,2023-08-14T18:02:28,3697.5,3604.3,30.7,4,0,,0.960638,,
openml.org/t/189356,albert,autosklearn,1h4c,0,binary,0.685966,acc,local,0.14.1,,2.0.6,2023-08-14T18:02:58,3727.0,3610.9,41.1,8,0,,0.685966,,
openml.org/t/168329,helena,autosklearn,1h4c,0,multiclass,0.377761,acc,local,0.14.1,,2.0.6,2023-08-14T18:03:15,3744.9,3598.8,56.6,8,0,,0.377761,,
openml.org/t/168331,volkert,autosklearn,1h4c,0,multiclass,0.730235,acc,local,0.14.1,,2.0.6,2023-08-14T18:03:47,3776.4,3600.5,73.3,8,0,,0.730235,,
openml.org/t/168332,robert,autosklearn,1h4c,0,multiclass,0.544,acc,local,0.14.1,,2.0.6,2023-08-14T18:04:39,3828.7,3600.9,100.2,15,0,,0.544,,
openml.org/t/146825,Fashion-MNIST,autosklearn,1h4c,0,multiclass,0.906571,acc,local,0.14.1,,2.0.6,2023-08-14T18:08:23,4052.6,3601.1,210.8,10,0,,0.906571,,
openml.org/t/146606,higgs,AlphaD3M,1h4c,0,binary,0.726262,acc,local,stable,,2.0.6,2023-08-14T19:45:03,3520.4,3481.8,,1,0,,0.726262,"{ 'target': {'classes': ['0', '1'], 'name': 'class'},
  'test': { 'path': '/scratch/rl3725/final_automlbenchmark_experiments/openml_datasets/org/openml/www/datasets/23512/dataset_test_0.csv'},
  'train': { 'path': '/scratch/rl3725/final_automlbenchmark_experiments/openml_datasets/org/openml/www/datasets/23512/dataset_train_0.csv'}}",
openml.org/t/167120,numerai28_6,autosklearn,1h4c,0,binary,0.513704,acc,local,0.14.1,,2.0.6,2023-08-14T20:56:09,3646.1,3604.3,1.2,14,0,,0.513704,,
openml.org/t/189355,dionis,AlphaD3M,1h4c,0,multiclass,0.884836,acc,local,stable,,2.0.6,2023-08-14T21:49:10,3884.4,3832.0,,1,0,,0.884836,"{ 'target': { 'classes': [ '0', '1', '10', '100', '101', '102', '103', '104',
                           '105', '106', '107', '108', '109', '11', '110',
                           '111', '112', '113', '114', '115', '116', '117',
                           '118', '119', '12', '120', '121', '122', '123',
                           '124', '125', '126', '127', '128', '129', '13',
                           '130', '131', '132', '133', '134', '135', '136',
                           '137', '138', '139', '14', '140', '141', '142',
                           '143', '144', '145', '146', '147', '148', '149',
                           '15', '150', '151', '152', '153', '154', '155',
                           '156', '157', '158', '159', '16', '160', '161',
                           '162', '163', '164', '165', '166', '167', '168',
                           '169', '17', '170', '171', '172', '173', '174',
                           '175', '176', '177', '178', '179', '18', '180',
                           '181', '182', '183', '184', '185', '186', '187',
                           '188', '189', '19', '190', '191', '192', '193',
                           '194', '195', '196', '197', '198', '199', '2', '20',
                           '200', '201', '202', '203', '204', '205', '206',
                           '207', '208', '209', '21', '210', '211', '212',
                           '213', '214', '215', '216', '217', '218', '219',
                           '22', '220', '221', '222', '223', '224', '225',
                           '226', '227', '228', '229', '23', '230', '231',
                           '232', '233', '234', '235', '236', '237', '238',
                           '239', '24', '240', '241', '242', '243', '244',
                           '245', '246', '247', '248', '249', '25', '250',
                           '251', '252', '253', '254', '255', '256', '257',
                           '258', '259', '26', '260', '261', '262', '263',
                           '264', '265', '266', '267', '268', '269', '27',
                           '270', '271', '272', '273', '274', '275', '276',
                           '277', '278', '279', '28', '280', '281', '282',
                           '283', '284', '285', '286', '287', '288', '289',
                           '29', '290', '291', '292', '293', '294', '295',
                           '296', '297', '298', '299', '3', '30', '300', '301',
                           '302', '303', '304', '305', '306', '307', '308',
                           '309', '31', '310', '311', '312', '313', '314',
                           '315', '316', '317', '318', '319', '32', '320',
                           '321', '322', '323', '324', '325', '326', '327',
                           '328', '329', '33', '330', '331', '332', '333',
                           '334', '335', '336', '337', '338', '339', '34',
                           '340', '341', '342', '343', '344', '345', '346',
                           '347', '348', '349', '35', '350', '351', '352',
                           '353', '354', '36', '37', '38', '39', '4', '40',
                           '41', '42', '43', '44', '45', '46', '47', '48', '49',
                           '5', '50', '51', '52', '53', '54', '55', '56', '57',
                           '58', '59', '6', '60', '61', '62', '63', '64', '65',
                           '66', '67', '68', '69', '7', '70', '71', '72', '73',
                           '74', '75', '76', '77', '78', '79', '8', '80', '81',
                           '82', '83', '84', '85', '86', '87', '88', '89', '9',
                           '90', '91', '92', '93', '94', '95', '96', '97', '98',
                           '99'],
              'name': 'class'},
  'test': { 'path': '/scratch/rl3725/final_automlbenchmark_experiments/openml_datasets/org/openml/www/datasets/41167/dataset_test_0.csv'},
  'train': { 'path': '/scratch/rl3725/final_automlbenchmark_experiments/openml_datasets/org/openml/www/datasets/41167/dataset_train_0.csv'}}",
openml.org/t/3945,KDDCup09_appetency,AlphaD3M,1h4c,0,binary,0.9822,acc,local,stable,,2.0.6,2023-08-14T23:47:10,3341.3,3317.4,,1,0,,0.9822,"{ 'target': {'classes': ['-1', '1'], 'name': 'APPETENCY'},
  'test': { 'path': '/scratch/rl3725/final_automlbenchmark_experiments/openml_datasets/org/openml/www/datasets/1111/dataset_test_0.csv'},
  'train': { 'path': '/scratch/rl3725/final_automlbenchmark_experiments/openml_datasets/org/openml/www/datasets/1111/dataset_train_0.csv'}}",
openml.org/t/168332,robert,AlphaD3M,1h4c,0,multiclass,0.414,acc,local,stable,,2.0.6,2023-08-15T00:06:43,4514.1,4467.7,,1,0,,0.414,"{ 'target': { 'classes': ['0', '1', '2', '3', '4', '5', '6', '7', '8', '9'],
              'name': 'class'},
  'test': { 'path': '/scratch/rl3725/final_automlbenchmark_experiments/openml_datasets/org/openml/www/datasets/41165/dataset_test_0.csv'},
  'train': { 'path': '/scratch/rl3725/final_automlbenchmark_experiments/openml_datasets/org/openml/www/datasets/41165/dataset_train_0.csv'}}",
openml.org/t/168329,helena,AlphaD3M,1h4c,0,multiclass,0.373006,acc,local,stable,,2.0.6,2023-08-15T00:35:36,1561.9,1546.9,,1,0,,0.373006,"{ 'target': { 'classes': [ '0', '1', '10', '11', '12', '13', '14', '15', '16',
                           '17', '18', '19', '2', '20', '21', '22', '23', '24',
                           '25', '26', '27', '28', '29', '3', '30', '31', '32',
                           '33', '34', '35', '36', '37', '38', '39', '4', '40',
                           '41', '42', '43', '44', '45', '46', '47', '48', '49',
                           '5', '50', '51', '52', '53', '54', '55', '56', '57',
                           '58', '59', '6', '60', '61', '62', '63', '64', '65',
                           '66', '67', '68', '69', '7', '70', '71', '72', '73',
                           '74', '75', '76', '77', '78', '79', '8', '80', '81',
                           '82', '83', '84', '85', '86', '87', '88', '89', '9',
                           '90', '91', '92', '93', '94', '95', '96', '97', '98',
                           '99'],
              'name': 'class'},
  'test': { 'path': '/scratch/rl3725/final_automlbenchmark_experiments/openml_datasets/org/openml/www/datasets/41169/dataset_test_0.csv'},
  'train': { 'path': '/scratch/rl3725/final_automlbenchmark_experiments/openml_datasets/org/openml/www/datasets/41169/dataset_train_0.csv'}}",
openml.org/t/168337,guillermo,AlphaD3M,1h4c,0,binary,0.614,acc,local,stable,,2.0.6,2023-08-15T01:30:23,4848.5,4817.3,,1,0,,0.614,"{ 'target': {'classes': ['0', '1'], 'name': 'class'},
  'test': { 'path': '/scratch/rl3725/final_automlbenchmark_experiments/openml_datasets/org/openml/www/datasets/41159/dataset_test_0.csv'},
  'train': { 'path': '/scratch/rl3725/final_automlbenchmark_experiments/openml_datasets/org/openml/www/datasets/41159/dataset_train_0.csv'}}",
openml.org/t/168338,riccardo,AlphaD3M,1h4c,0,binary,0.9695,acc,local,stable,,2.0.6,2023-08-15T01:32:48,4993.4,4958.7,,1,0,,0.9695,"{ 'target': {'classes': ['0', '1'], 'name': 'class'},
  'test': { 'path': '/scratch/rl3725/final_automlbenchmark_experiments/openml_datasets/org/openml/www/datasets/41161/dataset_test_0.csv'},
  'train': { 'path': '/scratch/rl3725/final_automlbenchmark_experiments/openml_datasets/org/openml/www/datasets/41161/dataset_train_0.csv'}}",

